happy,sad,angry,disgust,fear,neutral,surprise
0.26571053,0.055351183,0.06013197,0.07832756,0.16437247,0.014709126,0.36139718
0.2789011,0.068630904,0.07804335,0.090887725,0.21868469,0.025176305,0.23967592
0.2562929,0.09923581,0.095405765,0.15814574,0.26082784,0.08567993,0.044412
0.056840878,4.2953316e-06,0.8915345,0.023957608,0.027589407,3.302225e-05,4.0388502e-05
0.108483896,5.5647237e-05,0.7830639,0.046731375,0.061045755,0.00025872904,0.0003606896
0.3720256,0.009743948,0.20308717,0.06983234,0.28380224,0.006193686,0.055315077
